Title,Product URL,Image URL,Rating,Number of Reviews,Price
"BLINKIN Soft Touch Thermal Skinny Tights For Women - Ultimate Warm
            Fleece Leggings For Women, Thermal Winter Tights, Free Size (26Inch
            Waist To 34Inch)",https://www.amazon.in/BLINKIN-Velvet-Touch-Thermal-Tights/dp/B0DF2WPXV2/ref=zg_bs_g_apparel_d_sccl_1/257-1342139-2055701?psc=1,"https://images-eu.ssl-images-amazon.com/images/I/514J3RIRx7L._AC_UL600_SR600,400_.jpg",,,₹499.00
Lux Cottswool Men's Cotton Thermal Set,https://www.amazon.in/Lux-Cottswool-Cotton-Thermal-COTT_Black_FS_RN_TRO_Set_90/dp/B01N1FT6QP/ref=zg_bs_g_apparel_d_sccl_2/257-1342139-2055701?psc=1,"https://images-eu.ssl-images-amazon.com/images/I/51d35byGmPL._AC_UL600_SR600,400_.jpg",,,₹729.00
"SJeware 12 Pairs Solid Cotton Ankle Length Socks for Men & Women, Multicolor, Pack of 12, Free Size",https://www.amazon.in/SJEWARE-Pairs-Solid-Ankle-Multicolor/dp/B0BZVZYXV5/ref=zg_bs_g_apparel_d_sccl_3/257-1342139-2055701?psc=1,"https://images-eu.ssl-images-amazon.com/images/I/81TRdxk1wnL._AC_UL300_SR300,200_.jpg",,,₹199.00
"Boldfit Winter Cap set, Woolen Cap, Beanie Cap, Winter Gloves, Mufflers and Neck Warmer Winter Clothes for Women and Men",https://www.amazon.in/Boldfit-Winter-Clothing-Mufflers-Clothes/dp/B0BLK1F584/ref=zg_bs_g_apparel_d_sccl_4/257-1342139-2055701?psc=1,"https://images-eu.ssl-images-amazon.com/images/I/71PgXiVK43L._AC_UL300_SR300,200_.jpg",,,₹349.00
Jockey Women Cotton Hipster Brief(Pack of 3),https://www.amazon.in/Jockey-Womens-Hipster-1406_Dark-Assorted_L/dp/B010FMJKFS/ref=zg_bs_g_apparel_d_sccl_5/257-1342139-2055701?psc=1,"https://images-eu.ssl-images-amazon.com/images/I/61bMkDF97VL._AC_UL300_SR300,200_.jpg",,,₹480.00
Jockey 2503 Women's Super Combed Cotton Rich Three Quarter Sleeve Thermal Tailored Fit Top with Stay Warm Technology,https://www.amazon.in/Jockey-Womens-Thermal-2503-0105-CHAML_Charcoal-Melange_Medium/dp/B014SQJENK/ref=zg_bs_g_apparel_d_sccl_6/257-1342139-2055701?psc=1,"https://images-eu.ssl-images-amazon.com/images/I/81J5gJij3PL._AC_UL300_SR300,200_.jpg",,,₹599.00
Boldfit Hand Gloves for Men & Women Winter Gloves for Men for Woolen Knitted Winter Gloves for Women Thermal Hand Gloves for Winter Warm Gloves for Women Winter Wear Unisex Hand Gloves - Black 1Pair,https://www.amazon.in/Boldfit-Gloves-Winter-Knitted-Thermal/dp/B0CK5MSYNT/ref=zg_bs_g_apparel_d_sccl_7/257-1342139-2055701?psc=1,"https://images-eu.ssl-images-amazon.com/images/I/61hN3zqXubL._AC_UL300_SR300,200_.jpg",,,₹199.00
GoSriKi Women's Rayon Blend Anarkali Printed Kurta with Palazzo & Dupatta,https://www.amazon.in/GoSriKi-Anarkali-Printed-Dupatta-Yellow-GS_XL_Yellow_X-Large/dp/B0DD78S3M2/ref=zg_bs_g_apparel_d_sccl_8/257-1342139-2055701?psc=1,"https://images-eu.ssl-images-amazon.com/images/I/71mX4WATh-L._AC_UL300_SR300,200_.jpg",,,₹799.00
Fitness Mantra® Gym Winter Cap & Muffler for Men & Women| Beanie Cap| 1 Set|,https://www.amazon.in/Fitness-Mantra%C2%AE-Winter-Muffler-Beanie/dp/B0D9PG6CQT/ref=zg_bs_g_apparel_d_sccl_9/257-1342139-2055701?psc=1,"https://images-eu.ssl-images-amazon.com/images/I/51iu3cuF7CL._AC_UL300_SR300,200_.jpg",,,₹150.00
"ARKYLE Woolen Winter Socks for Men Thick Terry Towel Cushion Socks, Free Size, Pack of 4",https://www.amazon.in/ARKYLE-Length-Cotton-Socks-ARK-F-S1-4pk_Multicolour/dp/B07RSL1R5N/ref=zg_bs_g_apparel_d_sccl_10/257-1342139-2055701?psc=1,"https://images-eu.ssl-images-amazon.com/images/I/91hIyGIagmL._AC_UL300_SR300,200_.jpg",,,₹219.00
Jockey 2520 Women's Super Combed Cotton Rich Thermal Leggings with Stay Warm Technology Skinny Fit,https://www.amazon.in/Jockey-Thermal-Leggings-2520-0105-CHAML_Charcoal-Melange_X-Large/dp/B014SQJMZA/ref=zg_bs_g_apparel_d_sccl_11/257-1342139-2055701?psc=1,"https://images-eu.ssl-images-amazon.com/images/I/81EAZMsZiaL._AC_UL300_SR300,200_.jpg",,,₹649.00
Pivl Cozy and Stylish Sweaters for Women | Winter Wear Cardigan,https://www.amazon.in/Pivl-Womens-Blended-Sweater-Cardigan/dp/B08R8HSQYN/ref=zg_bs_g_apparel_d_sccl_12/257-1342139-2055701?psc=1,"https://images-eu.ssl-images-amazon.com/images/I/71ZxN4i3-oL._AC_UL300_SR300,200_.jpg",,,₹389.00
BLACKSTEP Women's Casual Fleece Sherpa Fur Lined Hoodie Winter Warm Pullover Hooded Sweatshirt,https://www.amazon.in/BLACKSTEP-Womens-Casual-Pullover-Sweatshirt/dp/B0DFTSR2QF/ref=zg_bs_g_apparel_d_sccl_13/257-1342139-2055701?psc=1,"https://images-eu.ssl-images-amazon.com/images/I/41KeNECL1aL._AC_UL300_SR300,200_.jpg",,,₹799.00
Alan Jones Clothing Women's Cotton Hooded Neck Sweatshirt,https://www.amazon.in/Alan-Jones-Clothing-Sweatshirt-WM17-SS01-WINE-L_Large_Wine/dp/B07V85QNDX/ref=zg_bs_g_apparel_d_sccl_14/257-1342139-2055701?psc=1,"https://images-eu.ssl-images-amazon.com/images/I/71jA7cZEY-L._AC_UL300_SR300,200_.jpg",,,₹649.00
Allen Solly Men's Cotton Blend Casual Crew Neck Sweatshirt,https://www.amazon.in/Allen-Solly-Sweatshirt-ASSTORGPM88973L_Maroon-19-1726/dp/B07DPV9NRP/ref=zg_bs_g_apparel_d_sccl_15/257-1342139-2055701?psc=1,"https://images-eu.ssl-images-amazon.com/images/I/71G-VJLjPaL._AC_UL300_SR300,200_.jpg",,,₹728.00
Scott International T Shirt For Men | Plain Round Neck T Shirt | T-Shirt | Cotton Tshirt For Men | Men's T-Shirt | Tshirt For Men Stylish | T-Shirts For Men Regular Fit,https://www.amazon.in/Scott-International-SS20-3RN-BU-GR-CH-L_Navy-Charcoal-Grey_Large/dp/B084L9DK9H/ref=zg_bs_g_apparel_d_sccl_16/257-1342139-2055701?psc=1,"https://images-eu.ssl-images-amazon.com/images/I/71HBNT3R66L._AC_UL300_SR300,200_.jpg",,,₹549.00
Boldfit Winter Gloves for Men & Women with TouchScreen Finger Bike Winter Hand Gloves for Men Woolen Winter Gloves for Women Thermal Hand Gloves for Winter Warm Gloves Winter Wear Unisex - Black 1Pair,https://www.amazon.in/Boldfit-Winter-Gloves-TouchScreen-Thermal/dp/B0DN1XZV6Q/ref=zg_bs_g_apparel_d_sccl_17/257-1342139-2055701?psc=1,"https://images-eu.ssl-images-amazon.com/images/I/61Jre9nCa0L._AC_UL300_SR300,200_.jpg",,,₹339.00
"Mehrang Stretchable Saree Shapewear Petticoat for Women, Cotton Blended,Petticoat,Skirts for Women,Shape Wear Dress for Saree",https://www.amazon.in/Mehrang-Shapewear-Petticoat-Cotton-Blended/dp/B09HMSDS8R/ref=zg_bs_g_apparel_d_sccl_18/257-1342139-2055701?psc=1,"https://images-eu.ssl-images-amazon.com/images/I/61kEVKPdeJL._AC_UL300_SR300,200_.jpg",,,₹279.00
Lymio Men Polyester Jackets || Bomber Jacket For Men || Lightweight Outwear Sportswear Bomber Standard Length Jacket (J4-6),https://www.amazon.in/Lymio-jackets-Lightweight-Outwear-Sportswear/dp/B0DBDS2GRS/ref=zg_bs_g_apparel_d_sccl_19/257-1342139-2055701?psc=1,"https://images-eu.ssl-images-amazon.com/images/I/61rKBzwwPZL._AC_UL300_SR300,200_.jpg",,,₹799.00
GoSriKi Women's Rayon Blend Straight Bandhej Printed Kurta with Pant & Dupatta,https://www.amazon.in/GoSriKi-Bandhani-Printed-Straight-TURAE-RED-GS_L_Red_Large/dp/B0D1CPQZFN/ref=zg_bs_g_apparel_d_sccl_20/257-1342139-2055701?psc=1,"https://images-eu.ssl-images-amazon.com/images/I/610InQb9rTL._AC_UL300_SR300,200_.jpg",,,₹649.00
Boldfit Woolen Winter Cap for Men Woolen Cap for Women & Men in Winter for Thermal Wear Stylish Soft Winter Caps for Boys & Girls for Warm Wear Head Winter Cap Men Woolen Garam Topaa Cap Bennies Black,https://www.amazon.in/Boldfit-Beanie-Woolen-Thermal-Stylish/dp/B0CK5N2WTT/ref=zg_bs_g_apparel_d_sccl_21/257-1342139-2055701?psc=1,"https://images-eu.ssl-images-amazon.com/images/I/71EvhiUJs-L._AC_UL300_SR300,200_.jpg",,,₹329.00
Prixelo Winter Fleece Warm Thermal Leggings Tights Pants for Women and Girls (Dual Tone) Multicolor,https://www.amazon.in/Prixelo-Winter-Thermal-Leggings-Multicolor/dp/B0DFVG37DX/ref=zg_bs_g_apparel_d_sccl_22/257-1342139-2055701?psc=1,"https://images-eu.ssl-images-amazon.com/images/I/414199djd5L._AC_UL300_SR300,200_.jpg",,,₹699.00
Fitness Mantra® Sports Winters Cap & Muffler for Men & Women| Beanie Cap| 1 Set| (Black),https://www.amazon.in/Fitness-Mantra%C2%AE-Winter-Woolen-Muffler/dp/B0CQ7VNMJY/ref=zg_bs_g_apparel_d_sccl_23/257-1342139-2055701?psc=1,"https://images-eu.ssl-images-amazon.com/images/I/71ETCqzBUVL._AC_UL300_SR300,200_.jpg",,,₹150.00
Lymio Wool Blend Hoodies || Hooded Neck Sweatshirt for Unisex || Unisex Hoodie,https://www.amazon.in/Lymio-Hoodies-Sweatshirt-Unisex-H-36-38/dp/B0DBDRRY7Z/ref=zg_bs_g_apparel_d_sccl_24/257-1342139-2055701?psc=1,"https://images-eu.ssl-images-amazon.com/images/I/81zVXwd-GxL._AC_UL300_SR300,200_.jpg",,,₹649.00
Fitness Mantra® Beanie Cap & Muffler for Men & Women| Beanie Cap| Woolen Topaa| Winter Cap| Head & Neck Warmer| Black Color| 1 Set|,https://www.amazon.in/Fitness-Mantra%C2%AE-Beanie-Muffler-Woolen/dp/B0CQPBKLGZ/ref=zg_bs_g_apparel_d_sccl_25/257-1342139-2055701?psc=1,"https://images-eu.ssl-images-amazon.com/images/I/51iu3cuF7CL._AC_UL300_SR300,200_.jpg",,,₹150.00
GoSriKi Women's Cotton Blend Embroidered Straight Kurta with Pant & Dupatta,https://www.amazon.in/GoSriKi-Embroidered-Straight-Dupatta-Begani-NGT-GS_M_Blue_Medium/dp/B0CKLQWWB8/ref=zg_bs_g_apparel_d_sccl_26/257-1342139-2055701?psc=1,"https://images-eu.ssl-images-amazon.com/images/I/61SgADmAyDL._AC_UL300_SR300,200_.jpg",,,₹689.00
"COOFANDY 216 Strips Double Sided Tape for Fashion, Clothing and Body | All Day Strength Invisible Dress Tape for women | Gentle to stick on Skin and clothes | Transparent (216 strips)",https://www.amazon.in/COOFANDY-Clothing-Strength-Invisible-Transparent/dp/B0CVS24M1V/ref=zg_bs_g_apparel_d_sccl_27/257-1342139-2055701?psc=1,"https://images-eu.ssl-images-amazon.com/images/I/711cDVGCPzL._AC_UL300_SR300,200_.jpg",,,₹170.00
Lymio Men Cargo || Men Cargo Pants || Men Cargo Pants Cotton || Cargos for Men (Cargo-01-04),https://www.amazon.in/Lymio-Cargo-Cotton-Cargos-Cargo-01-04/dp/B0CTQGS7KD/ref=zg_bs_g_apparel_d_sccl_28/257-1342139-2055701?psc=1,"https://images-eu.ssl-images-amazon.com/images/I/51NSC2qvOxL._AC_UL300_SR300,200_.jpg",,,₹649.00
Alan Jones Clothing Men's Fleece Jogger Regular Pants For Winterwear,https://www.amazon.in/Alan-Jones-Clothing-Winterwear-Beige_Large/dp/B0CQVRDQH9/ref=zg_bs_g_apparel_d_sccl_29/257-1342139-2055701?psc=1,"https://images-eu.ssl-images-amazon.com/images/I/71nRFuL2fVL._AC_UL300_SR300,200_.jpg",,,₹599.00
Scott International Jackets for Men | Standard Length Jacket For Men | Lightweight Jacket For Men | Jerkin for Men | Bike jackets for men,https://www.amazon.in/Scott-International-Stylish-Standard-Jackets/dp/B0DNVRY35P/ref=zg_bs_g_apparel_d_sccl_30/257-1342139-2055701?psc=1,"https://images-eu.ssl-images-amazon.com/images/I/61bmGnU-KQL._AC_UL300_SR300,200_.jpg",,,₹399.00
"Supersox Tights for Girls, Made with Breathable, Anti Odour & Moisture Absorbent Combed Cotton, Ideal for Ballet/Dancing/Everyday Activity (Pack Of 1)",https://www.amazon.in/Supersox-Tights-Girls-Comfortable-Premium-Breathable/dp/B01M33KCBR/ref=zg_bs_g_apparel_d_sccl_1/257-1342139-2055701?psc=1,"https://images-eu.ssl-images-amazon.com/images/I/41pW50nsz8L._AC_UL600_SR600,400_.jpg",,,₹338.00
Amazon Brand - Symbol Women Stretchable Fleece Lined Thermal Winter Leggings (28 to 34 Size),https://www.amazon.in/Amazon-Brand-Stretchable-Leggings-_AW23-WWBTM-007_Black_XS/dp/B0CG8SQY91/ref=zg_bs_g_apparel_d_sccl_2/257-1342139-2055701?psc=1,"https://images-eu.ssl-images-amazon.com/images/I/61D77BlCJhL._AC_UL600_SR600,400_.jpg",,,₹399.00
DENIMHOLIC Men High Neck Zipper Full Sleeve Cotton Knitted Winter Sweater,https://www.amazon.in/DENIMHOLIC-Zipper-Sleeve-Knitted-Sweater/dp/B0DDKY61VH/ref=zg_bs_g_apparel_d_sccl_3/257-1342139-2055701?psc=1,"https://images-eu.ssl-images-amazon.com/images/I/81Nd2DQ-w-L._AC_UL600_SR600,400_.jpg",,,₹899.00
Scott International Winter Jacket for Men Bomber Jacket Mens Nylon Quilted standard length Puffer Jacket Full Sleeve Mens Jacket Monsoon Jackets for Men,https://www.amazon.in/Scott-International-Lightweight-Repellant-SS23_TWRAP-JKT-BL_Large/dp/B0CPJ4XBV5/ref=zg_bs_g_apparel_d_sccl_4/257-1342139-2055701?psc=1,"https://images-eu.ssl-images-amazon.com/images/I/61hz9cK6gnL._AC_UL300_SR300,200_.jpg",,,₹899.00
HSR Shapewear Shorts Tummy Control Shapewear Invisible Shaping Shorts High Waisted Body Shaper Shorts Under Dress (Fits Waist : 30 to 39 Inch),https://www.amazon.in/HSR-Shapewear-Control-Invisible-Shaping/dp/B0DGLH3H48/ref=zg_bs_g_apparel_d_sccl_5/257-1342139-2055701?psc=1,"https://images-eu.ssl-images-amazon.com/images/I/61zFAkPrmUL._AC_UL300_SR300,200_.jpg",,,
"RC. ROYAL CLASS Men's Woolen Calf Length Solid Thick Terry Winter Wear Socks (Multicolor, Free Size) - Combo Pack of 5 Pairs",https://www.amazon.in/RC-ROYAL-CLASS-Length-Woolen/dp/B07YGR43WZ/ref=zg_bs_g_apparel_d_sccl_6/257-1342139-2055701?psc=1,"https://images-eu.ssl-images-amazon.com/images/I/A1W38FgAtkL._AC_UL300_SR300,200_.jpg",,,₹399.00
Fitness Mantra® 12 Pairs Sports Ankle Cotton Socks | Free Size| Breathable| Daily Use| Multicolor| 12 Pairs|,https://www.amazon.in/Fitness-Mantra%C2%AE-Sports-Breathable-Multicolor/dp/B0CTQ4RSMB/ref=zg_bs_g_apparel_d_sccl_7/257-1342139-2055701?psc=1,"https://images-eu.ssl-images-amazon.com/images/I/81SEVBzTWhL._AC_UL300_SR300,200_.jpg",,,₹198.00
Lymio Regular Track Pant for Men || Track Pants || Plain Track Pant (Track-06-08),https://www.amazon.in/Track-Pant-Pants-Plain-Track-06-08/dp/B0CPVPWZBT/ref=zg_bs_g_apparel_d_sccl_8/257-1342139-2055701?psc=1,"https://images-eu.ssl-images-amazon.com/images/I/610IIi6wHuL._AC_UL300_SR300,200_.jpg",,,₹449.00
XYXX Men's Aero Super Combed Cotton Regular Fit Solid Antimicrobial Trunks with No Marks Waistband (Pack of 2),https://www.amazon.in/XYXX-Cotton-Trunks-XYTRNK2PCKN404M_Black-Iris_M/dp/B0B5GYS4YC/ref=zg_bs_g_apparel_d_sccl_9/257-1342139-2055701?psc=1,"https://images-eu.ssl-images-amazon.com/images/I/61v0NNgAW5L._AC_UL300_SR300,200_.jpg",,,₹399.00
BLINKIN Women Cotton Casual Style Pyjamas Combo Pack Of 2 With Side Pockets,https://www.amazon.in/BLINKIN-Womens-Cotton-COMBO-86-MAROON-NAVY-28_Maroon-Blue_28/dp/B08BNHNWKC/ref=zg_bs_g_apparel_d_sccl_10/257-1342139-2055701?psc=1,"https://images-eu.ssl-images-amazon.com/images/I/6149T8j5wmL._AC_UL300_SR300,200_.jpg",,,₹489.00
Jockey IC28 Men's Tactel Microfiber Elastane Stretch Solid Trunk with Moisture Move Treatment,https://www.amazon.in/Jockey-Mens-Tactal-Trunks-8901326106877_IC28_M_Black/dp/B012SX4XIQ/ref=zg_bs_g_apparel_d_sccl_11/257-1342139-2055701?psc=1,"https://images-eu.ssl-images-amazon.com/images/I/71s652emTXL._AC_UL300_SR300,200_.jpg",,,₹599.00
minicult Cotton Pajama Pants with All Over Print for Boys and Girls (Multicolor Designs)(Pack of 5),https://www.amazon.in/Mini-Cult-Unisex-Cotton-Multicolor/dp/B07DQH67ST/ref=zg_bs_g_apparel_d_sccl_12/257-1342139-2055701?psc=1,"https://images-eu.ssl-images-amazon.com/images/I/71G6UQ0ZUeL._AC_UL300_SR300,200_.jpg",,,₹725.00
Van Heusen Women's Cotton Solid And Slub Hipster Briefs - Pack Of 3,https://www.amazon.in/Van-Heusen-Hipster-11101_Dark-Assorted_L/dp/B07JVPXV2Q/ref=zg_bs_g_apparel_d_sccl_13/257-1342139-2055701?psc=1,"https://images-eu.ssl-images-amazon.com/images/I/61R5WKn6lAL._AC_UL300_SR300,200_.jpg",,,₹445.90
Van Heusen Men's Solid Polo Regular Fit T-Shirt,https://www.amazon.in/Van-Heusen-Solid-Regular-VSKP517S011419_Nautical_X-Large/dp/B076CNJ1YN/ref=zg_bs_g_apparel_d_sccl_14/257-1342139-2055701?psc=1,"https://images-eu.ssl-images-amazon.com/images/I/51xOEh5DKYL._AC_UL300_SR300,200_.jpg",,,₹749.00
AWG ALL WEATHER GEAR Jacket for Men Jacket for men stylish Winter jackets for men Sports Jacket Gym Jackets for men Cotton Sweatshirt with Zip Bike jackets for men,https://www.amazon.in/AWG-ALL-WEATHER-GEAR-Spectra_AWG_JKT_BU_L/dp/B08KWJ59N5/ref=zg_bs_g_apparel_d_sccl_15/257-1342139-2055701?psc=1,"https://images-eu.ssl-images-amazon.com/images/I/81H0WKUbUCL._AC_UL300_SR300,200_.jpg",,,₹699.00
Jockey Womens Low Show Socks,https://www.amazon.in/Jockey-StayFresh-Treatment-7491_Wistmauve-Winetasting_Free/dp/B0B9WQ6L1R/ref=zg_bs_g_apparel_d_sccl_16/257-1342139-2055701?psc=1,"https://images-eu.ssl-images-amazon.com/images/I/81yho5F8IjL._AC_UL300_SR300,200_.jpg",,,₹229.00
Jockey 8009 Men's Super Combed Cotton Rib Solid Boxer Brief with Ultrasoft and Durable Waistband (Pack of 2),https://www.amazon.in/Jockey-Ultrasoft-Durable-waistband-8009_Black_L/dp/B01420KN9G/ref=zg_bs_g_apparel_d_sccl_17/257-1342139-2055701?psc=1,"https://images-eu.ssl-images-amazon.com/images/I/81KmYIWq21L._AC_UL300_SR300,200_.jpg",,,₹559.00
"RC. ROYAL CLASS Women Warm Calf Length Thumb Woolen Multicolored Socks, Combo Pack of 5",https://www.amazon.in/RC-ROYAL-CLASS-Womens-Multicolour/dp/B018SS3DWC/ref=zg_bs_g_apparel_d_sccl_18/257-1342139-2055701?psc=1,"https://images-eu.ssl-images-amazon.com/images/I/91qjX8U9qDL._AC_UL300_SR300,200_.jpg",,,₹299.00
"BRANDONN Unisex Baby Jumpsuit Panda Style Cosplay Clothes Bunting Outfits Snowsuit Hooded Romper Outwear (Pink White, 9-12 Months)",https://www.amazon.in/BRANDONN-Jumpsuit-Cosplay-Clothes-Snowsuit/dp/B0B25C7WKT/ref=zg_bs_g_apparel_d_sccl_19/257-1342139-2055701?psc=1,"https://images-eu.ssl-images-amazon.com/images/I/51qp-vD0i-L._AC_UL300_SR300,200_.jpg",,,₹699.00
Wear Your Opinion Women's Plus Size Fleece Zipper Hoodie Jacket,https://www.amazon.in/Wear-Your-Opinion-Womens-Fleece/dp/B09GS5GJZB/ref=zg_bs_g_apparel_d_sccl_20/257-1342139-2055701?psc=1,"https://images-eu.ssl-images-amazon.com/images/I/51wD++9tPPL._AC_UL300_SR300,200_.jpg",,,₹749.00
RynoGear Regular Fit Super Stretchable Track Pant for Men,https://www.amazon.in/RynoGear-Regular-Super-Stretchable-Track/dp/B0CQ4ZQ184/ref=zg_bs_g_apparel_d_sccl_21/257-1342139-2055701?psc=1,"https://images-eu.ssl-images-amazon.com/images/I/61P1hM9LsfL._AC_UL300_SR300,200_.jpg",,,₹499.00
TAGAS Men's Regular Jacket Fit For Casual Wear || Low-Cut Standing Collar || Full Sleeve | Latest Stylish Jacket For Men ||Regular Fit Zip-Up Casual jacket|| bomber jacket for men(MJ-9015),https://www.amazon.in/TAGAS-MJ-9015-GREY-L-Mens-Bomber-MJ-9015-GREY-L_Grey/dp/B0CQ8JVJRW/ref=zg_bs_g_apparel_d_sccl_22/257-1342139-2055701?psc=1,"https://images-eu.ssl-images-amazon.com/images/I/61+vlw4aZaL._AC_UL300_SR300,200_.jpg",,,₹699.00
Jockey 1529 Women's High Coverage Super Combed Cotton Elastane Stretch Mid Waist Shorties with Concealed Waistband,https://www.amazon.in/Jockey-1529-Womens-Shorties-1529_Black_Large/dp/B01BSCPMD8/ref=zg_bs_g_apparel_d_sccl_23/257-1342139-2055701?psc=1,"https://images-eu.ssl-images-amazon.com/images/I/71Htkft-UNL._AC_UL300_SR300,200_.jpg",,,₹329.00
Amazon Brand - Symbol Women's Ankle Length Regular Fit Heavy Weight Winter Jogger Track Pants (Fleece),https://www.amazon.in/Amazon-Brand-Symbol-Stretchable-SYWHJOG320_Navy_XL/dp/B08FRZJ1N6/ref=zg_bs_g_apparel_d_sccl_24/257-1342139-2055701?psc=1,"https://images-eu.ssl-images-amazon.com/images/I/61fw3ZtKU3L._AC_UL300_SR300,200_.jpg",,,₹599.00
DENIMHOLIC Men's Cotton Turtle Neck Sweater,https://www.amazon.in/DENIMHOLIC-Cotton-Turtle-Sweater-Large/dp/B098LS2BMP/ref=zg_bs_g_apparel_d_sccl_25/257-1342139-2055701?psc=1,"https://images-eu.ssl-images-amazon.com/images/I/71mDDeJQUnL._AC_UL300_SR300,200_.jpg",,,₹849.00
Jockey 2500 Women's Super Combed Cotton Rich Thermal Tailored Fit Tank Top with Stay Warm Technology,https://www.amazon.in/Jockey-Womens-Combed-Thermal-Technology_Skin_XL/dp/B0CKLMYPFX/ref=zg_bs_g_apparel_d_sccl_26/257-1342139-2055701?psc=1,"https://images-eu.ssl-images-amazon.com/images/I/71+GnM3gs9L._AC_UL300_SR300,200_.jpg",,,₹499.00
"ALYNE Saree Shapewear Petticoat for Women, Women's Blended Saree Shapewear",https://www.amazon.in/ALYNE-Shapewear-Petticoat-Womens-Blended/dp/B0BDG16KVN/ref=zg_bs_g_apparel_d_sccl_27/257-1342139-2055701?psc=1,"https://images-eu.ssl-images-amazon.com/images/I/51EP887WiRL._AC_UL300_SR300,200_.jpg",,,₹299.00
Alan Jones Clothing Men's Cotton Hooded Sweatshirt,https://www.amazon.in/Alan-Jones-Zipper-Sweatshirt-SS-401-NAVY-XL_X-Large_Navy/dp/B01LXSM88I/ref=zg_bs_g_apparel_d_sccl_28/257-1342139-2055701?psc=1,"https://images-eu.ssl-images-amazon.com/images/I/71xaYhDH9eL._AC_UL300_SR300,200_.jpg",,,₹649.00
Jockey SS04 Women's High Coverage Super Combed Cotton Elastane Stretch Mid Waist Boy Shorts with Concealed Waistband and StayFresh Treatment,https://www.amazon.in/Jockey-Womens-Boy-Leg-SS04_Black_M/dp/B010FPALNK/ref=zg_bs_g_apparel_d_sccl_29/257-1342139-2055701?psc=1,"https://images-eu.ssl-images-amazon.com/images/I/71b+dC9V4iL._AC_UL300_SR300,200_.jpg",,,₹249.00
Ben Martin Men's Nylon Standard Length Jacket |Hoodies| Winter Jackets | Bomber Jacket | Stylish Mens Jacket || Biker Jacket | Casual Jacket | Hoody Jacket,https://www.amazon.in/Ben-Martin-hoodies-jackets-stylish/dp/B0DHH7MFQQ/ref=zg_bs_g_apparel_d_sccl_30/257-1342139-2055701?psc=1,"https://images-eu.ssl-images-amazon.com/images/I/61mqx2-CJdL._AC_UL300_SR300,200_.jpg",,,₹949.00
